student_id,student_name,parent_email
101,Alice Johnson,alice_parent@example.com
102,Bob Smith,bob_parent@example.com
103,Charlie Brown,charlie_parent@example.com
104,David Lee,david_parent@example.com
105,Eva White,eva_white_parent@example.com
106,Frank Green,frank_green_parent@example
107,Grace Hall,grace_hall_parent@com
108,Henry Ford,henry_ford_parent@example.com
